{
  "Tweets": 46961,
  "All": {
    "WhitePop": 0.7508473934723375,
    "TwoPop": 0.6464563052374086,
    "TotalPop": 0.7913952152811368,
    "OtherPop": 0.6445948835794331,
    "NativeHawaiianPop": 0.19875674824324074,
    "BlackPop": 0.7671843074117769,
    "AsianPop": 0.5932551129663218,
    "AmericanIndianPop": 0.3487728070233026
  },
  "Brah": {
    "WhitePop": 0.4526450093125191,
    "TwoPop": 0.3949896070795241,
    "TotalPop": 0.48374550719875015,
    "OtherPop": 0.34814870620533783,
    "NativeHawaiianPop": 0.13233369510646092,
    "BlackPop": 0.5376027669432297,
    "AsianPop": 0.35328587293721003,
    "AmericanIndianPop": 0.17786119195525477
  },
  "BrahTweets": 620,
  "Bro": {
    "WhitePop": 0.7676868504307885,
    "TwoPop": 0.6512566944492679,
    "TotalPop": 0.8049409289645054,
    "OtherPop": 0.6601014342828402,
    "NativeHawaiianPop": 0.19239829547408177,
    "BlackPop": 0.7684392624908554,
    "AsianPop": 0.5978280935826231,
    "AmericanIndianPop": 0.3597760779381633
  },
  "BroTweets": 25830,
  "Bruh": {
    "WhitePop": 0.6844012345334191,
    "TwoPop": 0.602578554036636,
    "TotalPop": 0.727257046281296,
    "OtherPop": 0.5865828308264319,
    "NativeHawaiianPop": 0.19618813012739844,
    "BlackPop": 0.719358303028075,
    "AsianPop": 0.5554722109436387,
    "AmericanIndianPop": 0.3155302664359023
  },
  "BruhTweets": 15661,
  "Counties": 821
}
